USE BS_3V
GO

SET IDENTITY_INSERT Categories ON;
INSERT INTO Categories(Id, Name, ParentId)
VALUES
  (1, 'Бетонні вироби', null)
, (2, 'Будівельні суміші', null)
, (3, 'Ізоляційні матеріали', null)
, (4, 'Дерево', null)
, (5, 'Покрівля', null)
, (6, 'Кріплення', null)
, (7, 'Метал', null)
, (8, 'Вікна', null)
, (9, 'Сайдинг', null)
, (10, 'Системи водостоків', null)
, (11, 'Полікарбонат', null)
, (12, 'Цегла', 1)
, (13, 'Блоки стінові', 1)
, (14, 'Колодязі', 1)
, (15, 'Труби асбестоцементні', 1)
, (16, 'Цемент', 2)
, (17, 'Керамзіт', 2)
, (18, 'Пісок, щебінь', 2)
, (19, 'Гіпс', 2)
, (20, 'Вапно', 2)
, (21, 'Сажа, крейда', 2)
, (22, 'Пінопласт', 3)
, (23, 'Вата', 3)
, (24, 'Ізоляційна плівка', 3)
, (25, 'Ізоляція ППЕ', 3)
, (26, 'Пінополістирол', 3)
, (27, 'Рейки монтажні', 4)
, (28, 'OSB, QSB', 4)
, (29, 'Фанера', 4)
, (30, 'ДСП, ДВП', 4)
, (31, 'Дошка для підлоги', 4)
, (32, 'Брус', 4)
, (33, 'Шифер', 5)
, (34, 'Бітумні листи', 5)
, (35, 'Руберойд', 5)
, (36, 'Черепиця', 5)
, (37, 'Профнастил', 5)
, (38, 'Стрічки герметизуючі', 5)
, (39, 'Вікна мансардні', 5)
, (40, 'Комплектуючі', 5)
, (41, 'Димохідні системи', 5)
, (42, 'Гвинти', 6)
, (43, 'Стержні', 6)
, (44, 'Шайби', 6)
, (45, 'Саморізи', 6)
, (46, 'Дюбеля', 6)
, (47, 'Шурупи', 6)
, (48, 'Цвяхи', 6)
, (49, 'Болти', 6)
, (50, 'Гайки', 6)
, (51, 'Заклепки', 6)
, (52, 'Анкера', 6)
, (53, 'Скоби', 6)
, (54, 'Кутики', 6)
, (55, 'Профілі алюмінієві', 7)
, (56, 'Стержні алюмінієві', 7)
, (57, 'Трубки алюмінієві', 7)
, (58, 'Арматура', 7)
, (59, 'Сітки рябиці', 7)
, (60, 'Сітки зварні', 7)
, (61, 'Огорожі', 7)
, (62, 'Кутівки', 7)
, (63, 'Листовий метал', 7)
, (64, 'Труби', 7)
, (65, 'Ковані елементи', 7)
, (66, 'Дріт', 7)
, (67, 'Вікна металопластикові', 8)
, (68, 'Підвіконня', 8)
, (69, 'Відливи', 8)
, (70, 'Сайдинг', 9)
, (71, 'Профілі для сайдингу', 9)
, (72, 'Системи водостоків', 10)
, (73, 'Системи водовідведення', 10)
, (74, 'Полікарбонат', 11)
, (75, 'Профілі', 11)
SET IDENTITY_INSERT Categories Off;


SET IDENTITY_INSERT Measures on;
INSERT INTO Measures(Id, Name, ShortName)
VALUES 
  (1, 'Міліграм', 'мг') -- вага
, (2, 'Грам', 'г')
, (3, 'Кілограм', 'кг')
, (4, 'Центнер', 'ц')
, (5, 'Тонна', 'т')
, (6, 'Міліметр', 'мм') -- довжина
, (7, 'Сантиметр', 'см') 
, (8, 'Дециметр', 'дм')
, (9, 'Метр', 'м')
, (10, 'Квадратний метр', 'кв.м')
, (11, 'Погонний метр', 'п.м')
, (12, 'Кілометр', 'км')
, (13, 'Мілілітр', 'мл') -- об'єм
, (14, 'Літр', 'л')
, (15, 'Банка', 'б')
, (16, 'Відро', 'в')
, (17, 'Штука', 'шт') -- інші
, (18, 'Палета', 'пал')
, (19, 'Коробка', 'кор')
, (20, 'Ящик', 'ящ')
, (21, 'Бокс', 'бокс')
, (22, 'Мішок', 'міш')
, (23, 'Паперовий мішок', 'пап.міш')
, (24, 'Рулон', 'рул')
, (25, 'Поліетиленова упаковка', 'уп')
, (26, 'Комплект', 'к-т')
SET IDENTITY_INSERT Measures off;


SET IDENTITY_INSERT Producers on;
INSERT INTO Producers(Id, Name, Adress, Phone)
VALUES
  (1, 'Цегляний завод "Райдуга"', 'Україна', '(044)1234567')
, (2, 'Aeroc EcoTerm', 'Україна', '(044)5667891')
, (3, 'Арістей', 'Україна', '(044)7789012')
, (4, 'Adana', 'Україна', '(035)4789101')
, (5, 'КерамзітПрод', 'Україна', '(044)9876543')
, (6, 'ПінопластЗавод', 'Україна', '(046)1111111')
, (7, 'BauGut', 'Німеччина', '+9(012)9991412')
, (8, 'Isover', 'Росія', '+7(022)9872345')
, (9, 'Ursa', 'Росія', '+7(023)1238787')
, (10, 'Kronospan', 'Румунія', '+6(002)8734512')
, (11, 'Egger', 'Румунія', '+6(011)6783413')
, (12, 'Рівненський шиферний завод', 'Україна, м.Рівне, вул.Млинівська, 32', '(036)2244453')
, (13, 'Бітумакс', 'Україна', '(044)9182736')
, (14, 'Пластобід', 'Україна', '(042)7823756')
, (15, 'Expert', 'Україна', '(051)0909123')
, (16, 'ALMplast', 'Україна', '(044)0980076')
, (17, 'Полімерград', 'Україна', '(038)1379532')
, (18, 'Комбінат будіндустрії', 'Україна', '(039)3411123')
, (19, 'ПіскоСип', 'Україна', '(044)1122334')
, (20, 'Вапенце', 'Україна', '(041)5678109')
, (21, 'Ферозіт', 'Україна', '(042)8943090')
, (22, 'Кременецький крейдяний завод', 'Україна, м.Кременець', '(035)4623538')
, (23, 'Сажострус', 'Україна', '(044)0978452')
, (24, 'Masterfol', 'Україна', '(029)6324981')
, (25, 'Епібар', 'Україна', '(054)1476411')
, (26, 'Austrotherm', 'Австрія', '+5(011)1441124')
, (27, 'Ecoboard', 'Чехія', '+2(033)6171412')
, (28, 'ДеревоБуд', 'Україна', '(044)6246239') 
, (29, 'Фанплит', 'Україна', '(041)1214125') 
, (30, 'Ліра', 'Україна', '(033)1575674') 
, (31, 'Дебо', 'Україна', '(036)3295636')
, (32, 'ЛистокФарм', 'США', '+1(094)1234312')
, (33, 'Кантрі', 'США, Техас', '+1(039)6592393') 
, (34, 'Metrotile Europe AquaPan', 'Словаччина', '+2(098)0798321') 
, (35, 'Selena', 'Угорщина', '+3(003)1488872') 
, (36, 'Soudaband', 'Польща', '+4(009)1142532') 
, (37, 'Fakro', 'Німеччина', '+9(024)5836412') 
, (38, 'ЗалізМаш', 'Білорусія', '+31(099)7263592') 
, (39, 'Expert', 'Румунія', '+6(123)2738565') 
, (40, 'Kolchuga', 'Молдова', '+6(212)4698256') 
, (41, 'Fijo', 'Угорщина', '+4(011)1274619') 
SET IDENTITY_INSERT Producers off;


SET IDENTITY_INSERT Products on;
INSERT INTO Products(Id, Name, CategoryId, ProducerId)
VALUES
  (1, 'Цегла вогнетривка ША №5', 12, 1)
, (2, 'Цегла силікатна одинарна', 12, 1)
, (3, 'Газоблок', 13, 2)
, (4, 'Блок', 13, 2)
, (5, 'Цемент білий М500', 16, 3)
, (6, 'Цемент білий М400', 16, 4)
, (7, 'Керамзіт 0.06 м3', 17, 5)
, (8, 'Пінопласт ПСБ-С-35 1000х500х20 мм', 22, 6)
, (9, 'Пінопласт ПСБ-С-25 1000х500х100 мм', 22, 7)
, (10, 'Ізоляція 50 мм', 23, 8)
, (11, 'Ізоляція фольгована 50 мм', 23, 9)
, (12, 'Ізоляція універсальна 50 мм', 23, 9)
, (13, 'Плита ОСБ-3 2500х1250х15 мм', 28, 10)
, (14, 'Плита ОСБ-3 2500х1250х15 мм', 28, 11)
, (15, 'ДВП ПСТ-40 2440х1220х2.5 мм', 30, 10)
, (16, 'ДВП ПСТ-40 2440х1220х3.2 мм', 30, 11)
, (17, 'Шифер 8 хвиль 1750х1150х5.8 мм', 33, 12)
, (18, 'Євроруберойд СХ ізол 1.5', 35, 13)
, (19, 'Євроруберойд БП-ПЕ 2', 35, 14)
, (20, 'Саморіз по дереву фосфотований 3.5х55', 45, 15)
, (21, 'Саморіз з буром по металу фосфотований 3.5х9.5', 45, 15)
, (22, 'Анкер рамний віконний 10х72', 52, 15)
, (23, 'Анкер рамний віконний 10х92', 52, 15)
, (24, 'Арматура 8мм', 58, 15)
, (25, 'Арматура 10мм', 58, 15)
, (26, 'Вікно одностулкове поворотно-відкидне 500х500 мм', 67, 16)
, (27, 'Вікно одностулкове поворотно-відкидне 1140х14200 мм', 67, 16)
, (28, 'Люк для колодязів теракотовий', 14, 17)
, (29, 'Єврокільце для колодязів КС 10.9', 14, 18)
, (30, 'Днище колодязя ПН-10', 14, 18)
, (31, 'Кришка для колодязя ПП 1 10-2', 14, 18)
, (32, 'Пісок річковий', 18, 19)
, (33, 'Щебінь', 18, 3)
, (34, 'Гіпс будівельний', 19, 3)
, (35, 'Вапно негашене', 20, 20)
, (36, 'Вапно гашене гідратне', 20, 21)
, (37, 'Крейда', 21, 22)
, (38, 'Сажа будівельна', 21, 23)
, (39, 'Плівка гідроізоляційна 1.5х50 м', 24, 24)
, (40, 'Плівка гідроізоляційна срібна 1.5х50 м', 24, 25)
, (41, 'Полотно ППЕ-5мм', 25, 25)
, (42, 'Полотно ППЕ-10мм', 25, 25)
, (43, 'Плита пінополістирольна 1250х600х20 мм', 26, 26)
, (44, 'Плита пінополістирольна 1200х550х20 мм', 26, 27)
, (45, 'Рейка монтажна 15х28 мм 3м', 27, 28)
, (46, 'Рейка монтажна 40х50 мм 3м', 27, 28)
, (47, 'Фанера ФК 6мм 1525х1525 мм', 29, 29)
, (48, 'Фанера ФК 4мм 1525х1525 мм', 29, 29)
, (49, 'Дошка терасна соснова 2000х105х28 мм', 31, 28)
, (50, 'Дошка для підлоги соснова зрощена 3000х120х35 мм', 31, 28)
, (51, 'Брус будівельний 50х50мм 3м сухий', 32, 30)
, (52, 'Брус будівельний 15х15мм 2м зрощений', 32, 31)
, (53, 'Лист Коррубід 2х0.93 м коричневий', 34, 32)
, (54, 'Лист Бітулін Майстер 2х0.85м червоний', 34, 32)
, (55, 'Черепиця бітумна', 36, 33)
, (56, 'Черепиця композитна 1123х890 мм', 36, 33)
, (57, 'Профнастил С 20 1150х2000 мм бордовий 3005', 37, 34)
, (58, 'Профнастил С 20 1150х1500 мм зелений 6005', 37, 34)
, (59, 'Покрівельна-ущільнююча стрічка 7.5х10 м алюміній', 38, 35)
, (60, 'Стрічка герметизуюча 5 см алюміній', 38, 36)
, (61, 'Вікно мансардне 78x118 см', 39, 37)
, (62, 'Оклад EZV 78x98 см', 39, 37)
, (63, 'Флюгер Півень на гілці', 40, 37)
, (64, 'Планка конька 2м', 40, 37)
, (65, 'Коліно оцинкована сталь 90 Ф200 мм', 41, 37)
, (66, 'Труба оцинкована сталь Ф110 мм 0.5 м', 41, 37)
, (67, 'Грибок нержавіюча сталь Ф110 мм', 41, 37)
, (68, 'Гвинт метричний DIN 965 4x16 мм', 42, 38)
, (69, 'Гвинт метричний DIN 7985 5x40 мм', 42, 38)
, (70, 'Стержень різьбовий метричнийМ 8х1000 мм', 43, 38)
, (71, 'Стержень різьбовий метричнийМ 10х1000 мм', 43, 38)
, (72, 'Шайба DIN 125 14мм', 44, 39)
, (73, 'Шайба збільшена DIN 9021 8мм', 44, 39)
, (74, 'Дюбель ударний з воротником 6х40мм', 46, 39)
, (75, 'Дюбель для гіпсокартону 5х37мм', 46, 39)
, (76, 'Шуруп універсальний 3х16мм жовтий цинк', 47, 39)
, (77, 'Цвяхи будівельні DIN1151 1.2х20мм оцинковані', 48, 39)
, (78, 'Цвяхи будівельні DIN1151 1.2х25мм оцинковані', 48, 39)
, (79, 'Болт метричний DIN933 6х70 мм', 49, 39)
, (80, 'Заклепка Fix 3.2х6 мм', 51, 39)
, (81, 'Гайка DIN 934 М 6 оцинкована', 50, 39)
, (82, 'Скоба будівельна кругла 300 мм', 53, 39)
, (83, 'Кутик кріпильний 100x100x60x2.5 мм', 54, 40)
, (84, 'Профіль кутовий АН-21 10x10x1000 мм', 55, 38)
, (85, 'Стержень квадратний АН-21 10х10x1000 мм', 56, 38)
, (86, 'Трубка кругла АН-21 5x1000 мм', 57, 38)
, (87, 'Огорожа Promofence Promo 1.8x20 м', 59, 38)
, (88, 'Сітка зварна 20x20x1.0 мм оцинкований', 60, 38)
, (89, 'Ворота металеві 180x400 см чорні', 61, 41)
, (90, 'Куточок металевий 20x20x3 мм 2 м', 62, 38)
, (91, 'Лист сталевий г/к 2500x1250x2 мм', 63, 38)
, (92, 'Труба профільна 20х20х2 мм 2 м', 64, 38)
, (93, 'Стійка перил Гефест 20.010', 65, 38)
, (94, 'Дріт ОК 3 мм 50 м', 66, 38)
SET IDENTITY_INSERT Products off;


SET IDENTITY_INSERT Packages on;
INSERT INTO Packages(Id, ProductId, Volume, VolumeMeasureId, MeasureId)
VALUES
  (1, 1, 1, 17, 17)
, (2, 1, 1000, 17, 17)
, (3, 2, 1000, 17, 17)
, (4, 3, 1, 17, 17)
, (5, 4, 1, 17, 17)
, (6, 5, 5, 3, 23)
, (7, 6, 25, 3, 24)
, (8, 7, 22, 3, 22)
, (9, 8, 1, 17, 17)
, (10, 9, 1, 17, 17)
, (11, 10, 20.13, 10, 24)
, (12, 11, 8.4, 10, 24)
, (13, 11, 15, 10, 24)
, (14, 12, 9, 10, 24)
, (15, 13, 1, 17, 17)
, (16, 14, 1, 17, 17)
, (17, 15, 1, 17, 17)
, (18, 16, 1, 17, 17)
, (19, 17, 1, 17, 17)
, (20, 18, 10, 10, 24)
, (21, 19, 10, 10, 24)
, (22, 20, 500, 17, 19)
, (23, 21, 100, 17, 19)
, (24, 22, 1, 17, 19)
, (25, 22, 100, 17, 19)
, (26, 23, 1, 17, 19)
, (27, 24, 3, 9, 9)
, (28, 25, 3, 9, 9)
, (29, 26, 1, 17, 25)
, (30, 27, 1, 17, 25)
, (31, 28, 1, 17, 17)
, (32, 29, 1, 17, 17)
, (33, 30, 1, 17, 17)
, (34, 31, 1, 17, 17)
, (35, 32, 30, 14, 22)
, (36, 33, 25, 3, 22)
, (37, 34, 20, 3, 23)
, (38, 35, 5, 3, 22)
, (39, 36, 5, 3, 23)
, (40, 37, 5, 3, 23)
, (41, 37, 30, 3, 23)
, (42, 38, 5, 3, 16)
, (43, 38, 10, 3, 16)
, (44, 39, 1, 17, 24)
, (45, 40, 1, 17, 24)
, (46, 41, 1, 10, 24)
, (47, 42, 1, 10, 24)
, (48, 43, 1, 17, 17)
, (49, 44, 1, 17, 17)
, (50, 45, 1, 17, 17)
, (51, 46, 4, 17, 25)
, (52, 47, 1, 17, 25)
, (53, 48, 1, 17, 25)
, (54, 49, 1, 4, 25)
, (55, 50, 1, 3, 25)
, (56, 51, 1, 17, 17)
, (57, 52, 1, 17, 17)
, (58, 53, 1, 17, 17)
, (59, 54, 1, 17, 26)
, (60, 55, 2.6, 10, 25)
, (61, 56, 1, 17, 17)
, (62, 57, 2.3, 10, 17)
, (63, 58, 1.725, 10, 17)
, (64, 59, 1, 17, 24)
, (65, 60, 1, 17, 24)
, (66, 61, 1, 17, 25)
, (67, 62, 1, 17, 25)
, (68, 63, 1, 17, 25)
, (69, 64, 1, 17, 17)
, (70, 65, 1, 17, 17)
, (71, 66, 1, 17, 17)
, (72, 67, 1, 17, 17)
, (73, 68, 20, 17, 19)
, (74, 69, 6, 17, 19)
, (75, 70, 1, 17, 17)
, (76, 71, 1, 17, 17)
, (77, 72, 1, 3, 19)
, (78, 73, 1, 3, 19)
, (79, 74, 20, 17, 19)
, (80, 75, 100, 17, 19)
, (81, 76, 50, 17, 19)
, (82, 77, 0.5, 3, 19)
, (83, 78, 0.5, 3, 19)
, (84, 79, 0.5, 3, 19)
, (85, 80, 1, 3, 19)
, (86, 81, 1, 3, 3)
, (87, 82, 1, 17, 17)
, (88, 83, 1, 17, 17)
, (89, 84, 1, 17, 17)
, (90, 85, 1, 17, 17)
, (91, 86, 1, 17, 17)
, (92, 87, 1, 17, 24)
, (93, 88, 1, 11, 11)
, (94, 89, 1, 17, 17)
, (95, 90, 1, 17, 17)
, (96, 91, 1, 17, 17)
, (97, 92, 1, 17, 17)
, (98, 93, 1, 17, 17)
, (99, 94, 50, 9, 24)
SET IDENTITY_INSERT Packages off;

SET IDENTITY_INSERT Prices on;
INSERT INTO Prices(Id, PackageId, PriceTime, UnitCost)
VALUES 
  (1, 1, '20150217 11:00:10', 9.90)
, (2, 2, '20150217 11:00:20', 9900)
, (3, 3, '20150217 11:00:30', 2200)
, (4, 4, '20150217 11:00:40', 44)
, (5, 5, '20150217 11:00:50', 35.20)
, (6, 6, '20150217 11:01:00', 24.99)
, (7, 7, '20150217 11:01:10', 125)
, (8, 8, '20150217 11:01:20', 60)
, (9, 9, '20150217 11:01:30', 11.40)
, (10, 10, '20150217 11:01:40', 43.30)
, (11, 11, '20150217 11:01:50', 262.40)
, (12, 12, '20150217 11:02:00', 102.50)
, (13, 13, '20150217 11:02:10', 351.50)
, (14, 14, '20150217 11:02:20', 137.80)
, (15, 15, '20150217 11:02:30', 378.90)
, (16, 16, '20150217 11:02:40', 475.90)
, (17, 17, '20150217 11:02:50', 58)
, (18, 18, '20150217 11:03:00', 61.80)
, (19, 19, '20150217 11:03:10', 92.90)
, (20, 20, '20150217 11:03:20', 179)
, (21, 21, '20150217 11:03:30', 289)
, (22, 22, '20150217 11:03:40', 113.2)
, (23, 23, '20150217 11:03:50', 16.45)
, (24, 24, '20150217 11:04:00', 2.9)
, (25, 25, '20150217 11:04:10', 294)
, (26, 26, '20150217 11:04:20', 3.2)
, (27, 27, '20150217 11:04:30', 19.5)
, (28, 28, '20150217 11:04:40', 29.9)
, (29, 29, '20150217 11:04:50', 717)
, (30, 30, '20150217 11:05:00', 2103)
, (31, 31, '20150219 11:05:10', 415)
, (32, 32, '20150219 11:05:20', 585)
, (33, 33, '20150219 11:05:30', 499)
, (34, 34, '20150219 11:05:40', 358.8)
, (35, 35, '20150219 11:05:50', 11.4)
, (36, 36, '20150219 11:06:00', 13.8)
, (37, 37, '20150219 11:06:10', 34.99)
, (38, 38, '20150219 11:06:20', 15.8)
, (39, 39, '20150219 11:06:30', 37)
, (40, 40, '20150219 11:06:40', 14)
, (41, 41, '20150219 11:06:50', 42.99)
, (42, 42, '20150219 11:07:00', 100.5)
, (43, 43, '20150219 11:07:10', 181.5)
, (44, 44, '20150219 11:07:20', 289)
, (45, 45, '20150219 11:07:30', 359)
, (46, 46, '20150219 11:07:40', 13)
, (47, 47, '20150219 11:07:50', 24.9)
, (48, 48, '20150219 11:08:00', 37.2)
, (49, 49, '20150219 11:08:10', 26.6)
, (50, 50, '20150219 11:08:20', 8.2)
, (51, 51, '20150219 11:08:30', 92.9)
, (52, 52, '20150219 11:08:40', 111.8)
, (53, 53, '20150219 11:08:50', 70.9)
, (54, 54, '20150219 11:09:00', 222.85)
, (55, 55, '20150219 11:09:10', 280.65)
, (56, 56, '20150219 11:09:20', 44.1)
, (57, 57, '20150219 11:09:30', 7.55)
, (58, 58, '20150219 11:09:40', 105)
, (59, 59, '20150219 11:09:50', 135)
, (60, 60, '20150219 11:10:00', 315)
, (61, 61, '20150219 11:10:10', 430)
, (62, 62, '20150219 11:10:20', 222)
, (63, 63, '20150219 11:10:30', 166.5)
, (64, 64, '20150219 11:10:40', 209.4)
, (65, 65, '20150219 11:10:50', 192)
, (66, 66, '20150219 11:11:00', 3785)
, (67, 67, '20150219 11:11:10', 1035)
, (68, 68, '20150219 11:11:20', 756.9)
, (69, 69, '20150219 11:11:30', 118.45)
, (70, 70, '20150219 11:11:40', 120.85)
, (71, 71, '20150219 11:11:50', 33.7)
, (72, 72, '20150219 11:12:00', 131.2)
, (73, 73, '20150219 11:12:10', 38.2)
, (74, 74, '20150219 11:12:20', 38.2)
, (75, 75, '20150219 11:12:30', 16.65)
, (76, 76, '20150219 11:12:40', 25.36)
, (77, 77, '20150219 11:12:50', 90.75)
, (78, 78, '20150219 11:13:00', 78.45)
, (79, 79, '20150219 11:13:10', 15.7)
, (80, 80, '20150219 11:13:20', 353.55)
, (81, 81, '20150219 11:13:30', 100)
, (82, 82, '20150219 11:13:40', 30.9)
, (83, 83, '20150219 11:13:50', 50)
, (84, 84, '20150219 11:14:00', 64.9)
, (85, 85, '20150219 11:14:10', 218.35)
, (86, 86, '20150219 11:14:20', 80.05)
, (87, 87, '20150219 11:14:30', 50)
, (88, 88, '20150219 11:14:40', 15.2)
, (89, 89, '20150219 11:14:50', 26.4)
, (90, 90, '20150219 11:15:00', 110.3)
, (91, 91, '20150219 11:15:10', 18.3)
, (92, 92, '20150219 11:15:20', 1030)
, (93, 93, '20150219 11:15:30', 23.3)
, (94, 94, '20150219 11:15:40', 3090)
, (95, 95, '20150219 11:15:50', 28.65)
, (96, 96, '20150219 11:16:00', 830)
, (97, 97, '20150219 11:16:10', 40)
, (98, 98, '20150219 11:16:20', 38.0)
, (99, 99, '20150219 11:16:30', 89)
, (100, 1, '20150220 11:00:10', 10)
, (101, 2, '20150220 11:00:20', 10000)
, (102, 3, '20150221 11:00:30', 2300)
, (103, 4, '20150222 11:00:40', 46)
, (104, 5, '20150223 11:00:50', 37.20)
, (105, 6, '20150223 11:01:00', 26.99)
, (106, 7, '20150224 11:01:10', 127)
, (107, 1, '20150224 12:00:00', 10.10)
, (108, 2, '20150224 12:00:10', 10050)
SET IDENTITY_INSERT Prices off;


Insert into Statuses values
  ('Очікує оплати')
, ('Оплачений')
, ('Доставлений')
, ('Замовлений')
, ('Відмова')
, ('Повернення')


SET IDENTITY_INSERT Customers on;
Insert into Customers(Id, Name, Adress, Phone) values
  (1, 'ПП Іванов', 'Україна, м.Київ, вул.Шевченка, 11а', '(097)6754123')
, (2, 'ПП Петров', 'Україна, м.Рівне, вул.Соборна, 231', '(095)5678345')
, (3, 'ТОВ "Астра"', 'Україна, м.Київ, вул.Миру, 22', '(098)8998456')
, (4, 'ТОВ "Бегемот"', 'Україна, м.Київ, вул.Хрещатик, 46', '(095)1275017')
, (5, 'ПП Франко', 'Україна, м.Тернопіль, вул.Ювілейна, 113', '(063)9359223')
, (6, 'ЗАТ "Безлім"', 'Україна, м.Чернігів, вул.Київська, 34', '(066)8275871')
, (7, 'ПРАТ "ХочуЩе"', 'Україна, м.Житомир, просп.Гірський, 179', '(050)2858212')
, (8, 'ПП Файко', 'Україна, м.Теребовля, вул.Чорногірська, 21', '(093)0978786')
, (9, 'Борисюк Василь Семенович', 'Україна, м.Рівне, вул.Кавказька, 11', '(066)2372375')
, (10, 'Стус Іван Петрович', 'Україна, м.Київ, вул.Огірна, 55', '(067)9871238')
, (11, 'Зюс Пантелеймон Ористархович', 'Україна, м.Вінниця, вул.Франка, 24', '(068)6574360')
, (12, 'Пащека Ірина Георгіївна', 'Україна, м.Чернівці, вул.Камяна, 25', '(068)0980890')
, (13, 'Зубчик Микола Іванович', 'Україна, Київська обл., Київський район, с. Ляшуки, 44', '(097)5775758')
, (14, 'Петренко Богута Юріївна', 'Україна, Тернопільська обл, м.Кременець, пров.Ольжича, 11', '(098)8977598')
, (15, 'Петько Федір Багірович', 'Україна, Тернопільська обл., м.Збараж, вул.Всяка, 55', '(093)0958609')
, (16, 'Стус Богдан Петрович', 'Україна, м.Хмельницький, вул.Івана-Ступана, 99', '(067)5098700')
, (17, 'Колиба Юлія Володимирівна', 'Україна, м.Львів, вул.Патріотична, 1', '(066)5908709')
, (18, 'Пепондрик Святослав Валерійович', 'Україна, м.Луцьк, вул.Багата, 3, кв.67', '(050)5678587')
SET IDENTITY_INSERT Customers off;

SET IDENTITY_INSERT InputOrders on;
Insert into InputOrders(Id, CustomerId, CreationTime, Cost, StatusId) values
  (1, 1, '20150211 09:10:00', 117160, 3)
, (2, 2, '20150211 09:30:00', 12525, 3)
, (3, 3, '20150211 11:00:00', 1450, 3)
, (4, 4, '20150211 15:00:00', 1700, 3)
, (5, 2, '20150213 09:00:00', 500, 3)
, (6, 6, '20150213 10:00:00', 520, 3)
, (7, 7, '20150215 09:00:00', 5870, 3)
, (8, 8, '20150215 12:00:00', 5995, 3)
, (9, 3, '20150217 09:00:00', 5450, 3)
, (10, 8, '20150218 09:00:00', 8012, 3)
, (11, 2, '20150218 11:00:00', 5800, 3)
, (12, 7, '20150218 13:00:00', 1300, 3)
, (13, 1, '20150211 09:10:00', 117160, 3)
SET IDENTITY_INSERT InputOrders off;

Insert into InputOrderItems(InputOrderId, PackageId, Quantity, UnitCost) values
  (1, 1, 5000, 9)
, (1, 2, 5, 9000)
, (1, 3, 10, 2000)
, (1, 4, 8, 400)
, (1, 5, 7, 30)
, (1, 6, 15, 30)
, (1, 7, 20, 120)
, (1, 8, 10, 55)
, (1, 9, 10, 10)
, (1, 10, 10, 40)
, (2, 11, 10, 250)
, (2, 13, 10, 340)
, (2, 14, 15, 135)
, (2, 16, 10, 460)
, (3, 17, 10, 55)
, (3, 19, 10, 90)
, (4, 20, 10, 170)
, (5, 90, 5, 100)
, (6, 35, 10, 10)
, (6, 36, 10, 12)
, (6, 37, 10, 30)
, (7, 45, 5, 350)
, (7, 67, 4, 1030)
, (8, 73, 5, 35)
, (8, 12, 8, 100)
, (8, 21, 11, 285)
, (8, 99, 13, 85)
, (8, 84, 9, 60)
, (8, 79, 20, 12)
, (9, 11, 10, 260)
, (9, 44, 10, 285)
, (10, 30, 4, 2003)
, (11, 61, 10, 420)
, (11, 63, 10, 160)
, (12, 59, 10, 130)

SET IDENTITY_INSERT OutputOrders on;
Insert into OutputOrders(Id, CustomerId, CreationTime, Cost, StatusId) values
  (1, 9, '20150219 09:10:00', 20049.9, 1)
, (2, 10, '20150219 09:20:00', 4341.6, 2)
, (3, 11, '20150220 09:30:00', 5266.7, 2)
, (4, 12, '20150220 09:40:00', 2859.7, 3)
, (5, 13, '20150220 09:50:00', 2122.5, 3)
, (6, 14, '20150221 10:00:00', 1535.8, 3)
, (7, 15, '20150221 11:00:00', 831.8, 4)
, (8, 16, '20150222 12:00:00', 718, 5)
, (9, 17, '20150223 12:40:00', 35376, 2)
, (10, 18, '20150223 15:00:00', 5386.8, 6)
, (11, 4, '20150224 10:00:00', 2103, 1)
SET IDENTITY_INSERT OutputOrders off;

Insert into OutputOrderItems(OutputOrderId, PackageId, Quantity, UnitCost) values
  (1, 1, 2000, 9)
, (1, 6, 10, 24.99)
, (2, 5, 3, 105.6)
, (2, 8, 5, 60)
, (2, 11, 15, 262.4)
, (3, 13, 3, 351.5)
, (3, 17, 5, 58)
, (3, 19, 8, 92.9)
, (3, 21, 11, 289)
, (4, 30, 1, 2103)
, (4, 35, 6, 11.4)
, (4, 44, 2, 289)
, (4, 90, 1, 110.3)
, (5, 61, 3, 430)
, (5, 63, 5, 166.5)
, (6, 19, 2, 92.9)
, (6, 59, 10, 135)
, (7, 99, 6, 89)
, (7, 73, 1, 38.2)
, (7, 84, 4, 64.9)
, (8, 45, 2, 359)
, (9, 2, 2, 9900)
, (9, 3, 7, 2200)
, (9, 4, 4, 44)
, (10, 7, 8, 125)
, (10, 9, 5, 11.4)
, (10, 10, 5, 43.3)
, (10, 12, 3, 102.5)
, (10, 14, 7, 137.8)
, (10, 20, 4, 179)
, (10, 36, 4, 13.8)
, (10, 67, 2, 1035)
, (11, 30, 1, 2103)

insert into WareHouses values
  ('Україна, м.Рівне, вул.Волинська, 56')
, ('Україна, м.Рівне, вул.Соборна, 253')
, ('Україна, м.Рівне, вул.Симона Петлюри, 23')
, ('Україна, м.Рівне, вул.Степана Бандери, 119')

insert into WareHouseItems values
  (1, 1, 5000)
, (1, 2, 5)
, (1, 3, 5)
, (2, 3, 5)
, (1, 4, 8)
, (1, 5, 7)
, (1, 6, 15)
, (1, 7, 10)
, (2, 7, 10)
, (1, 8, 10)
, (1, 9, 10)
, (3, 10, 10)
, (3, 11, 10)
, (3, 13, 10)
, (3, 14, 15)
, (3, 16, 10)
, (3, 17, 10)
, (2, 19, 2)
, (2, 20, 10)
, (2, 90, 4)
, (2, 35, 4)
, (2, 36, 10)
, (2, 37, 10)
, (1, 45, 5)
, (1, 44, 8)
, (1, 67, 4)
, (1, 73, 5)
, (3, 12, 8)
, (3, 21, 11)
, (2, 84, 9)
, (2, 99, 13)
, (2, 79, 20)
, (2, 11, 10)
, (2, 30, 3)
, (2, 61, 7)
, (2, 63, 5)